23	vv3mk7dxxjvu	17	7	67136
28	vv3mk7dxxjvu	115	7	87591
30	vv3mk7dxxjvu	127	7	84272
32	vv3mk7dxxjvu	130	1	84903
36	vv3mk7dxxjvu	114	7	121055
42	vv3mk7dxxjvu	116	7	51895
49	bb3qxybfdk4c	104	1	33577
51	bb3qxybfdk4c	109	1	25180
56	bb3qxybfdk4c	20	1	48692
57	cmdrtottwf5q	111	1	149887
58	vv3mk7dxxjvu	126	7	44808
63	vv3mk7dxxjvu	101	1	45928
64	bb3qxybfdk4c	125	7	67323
68	vv3mk7dxxjvu	113	7	60304
69	bb3qxybfdk4c	108	1	50989
72	cmdrtottwf5q	27	1	161463
73	bb3qxybfdk4c	106	7	50543
78	vv3mk7dxxjvu	20	7	92247
81	bb3qxybfdk4c	126	7	26190
90	i6wla5xav2nu	121	1	10809
91	bb3qxybfdk4c	18	7	38918
92	i6wla5xav2nu	2	1	11643
93	vv3mk7dxxjvu	120	7	58415
94	i6wla5xav2nu	14	1	23685
96	bb3qxybfdk4c	110	7	42136
98	i6wla5xav2nu	4	7	30794
99	i6wla5xav2nu	105	1	7677
100	cmdrtottwf5q	125	1	216815
101	bb3qxybfdk4c	27	7	37396
102	i6wla5xav2nu	103	7	22352
103	bb3qxybfdk4c	111	1	27430
104	aorx7vq7cl4t	10	1	48533
106	i6wla5xav2nu	123	1	25165
107	aorx7vq7cl4t	112	7	32632
108	0qor3e63qwxi	13	7	49912
109	i6wla5xav2nu	15	1	47398
110	aorx7vq7cl4t	105	1	27728
111	bb3qxybfdk4c	14	7	65570
112	i6wla5xav2nu	107	7	28197
113	cmdrtottwf5q	25	1	123135
114	aorx7vq7cl4t	9	1	33957
115	0qor3e63qwxi	107	7	48054
116	bb3qxybfdk4c	103	7	36620
118	aorx7vq7cl4t	26	1	27556
119	bb3qxybfdk4c	16	1	33640
121	0qor3e63qwxi	112	7	41768
122	i6wla5xav2nu	128	7	27905
123	aorx7vq7cl4t	117	7	40227
124	cmdrtottwf5q	101	7	85104
126	aorx7vq7cl4t	118	1	30164
127	i6wla5xav2nu	18	1	28370
128	0qor3e63qwxi	12	1	84486
129	aorx7vq7cl4t	124	1	54028
130	cmdrtottwf5q	114	7	79824
137	0qor3e63qwxi	9	1	61672
139	i6wla5xav2nu	102	1	39270
142	35f6fojw9xpk	8	7	42322
144	i6wla5xav2nu	118	1	31578
145	cmdrtottwf5q	112	1	90416
147	vv3mk7dxxjvu	27	1	438471
148	0qor3e63qwxi	124	7	75030
149	35f6fojw9xpk	122	7	39916
150	i6wla5xav2nu	117	1	22022
152	aorx7vq7cl4t	103	7	50102
153	35f6fojw9xpk	129	7	24219
156	i6wla5xav2nu	124	1	37134
158	8a1weopfrkoh	21	7	70167
161	35f6fojw9xpk	124	1	31242
162	0qor3e63qwxi	3	1	59040
163	aorx7vq7cl4t	107	1	49639
164	cmdrtottwf5q	116	7	76022
166	jc8f85cjyxl5	26	7	44217
167	i0lqc643fq0n	122	7	48876
169	35f6fojw9xpk	5	1	31691
172	jc8f85cjyxl5	121	1	39782
174	vv3mk7dxxjvu	1	7	126839
175	35f6fojw9xpk	19	7	30859
177	i0lqc643fq0n	7	7	40668
181	jc8f85cjyxl5	109	1	31896
183	35f6fojw9xpk	118	1	30994
184	jc8f85cjyxl5	11	7	16016
186	i0lqc643fq0n	21	7	39958
187	0qor3e63qwxi	128	7	102631
188	8a1weopfrkoh	6	7	119456
189	jc8f85cjyxl5	6	7	16292
191	cmdrtottwf5q	110	7	59164
196	aorx7vq7cl4t	123	1	47559
197	i0lqc643fq0n	129	1	23328
201	jc8f85cjyxl5	129	7	28771
204	0qor3e63qwxi	26	7	57182
205	i0lqc643fq0n	123	1	30204
208	aorx7vq7cl4t	12	7	48753
209	jc8f85cjyxl5	7	1	34374
212	8a1weopfrkoh	117	1	88583
214	vv3mk7dxxjvu	124	1	76823
216	cmdrtottwf5q	13	7	81680
217	i0lqc643fq0n	119	7	32388
218	aorx7vq7cl4t	13	1	31361
220	35f6fojw9xpk	117	1	69065
221	0qor3e63qwxi	103	1	57840
222	jc8f85cjyxl5	123	7	18383
225	aorx7vq7cl4t	122	7	26296
231	i0lqc643fq0n	106	7	24935
232	aorx7vq7cl4t	102	7	29384
233	cmdrtottwf5q	102	7	60584
236	jc8f85cjyxl5	127	1	21520
237	35f6fojw9xpk	109	7	50018
241	vv3mk7dxxjvu	28	7	77815
243	qhugkgq2ta82	104	7	13876
244	jc8f85cjyxl5	106	1	24392
247	qhugkgq2ta82	115	1	7979
249	jc8f85cjyxl5	25	7	32359
250	0qor3e63qwxi	123	1	48944
252	8a1weopfrkoh	109	7	131928
253	35f6fojw9xpk	121	7	34785
255	i0lqc643fq0n	117	7	12774
256	qhugkgq2ta82	10	7	40078
258	i0lqc643fq0n	109	1	7247
259	35f6fojw9xpk	108	1	25313
260	jc8f85cjyxl5	119	1	36345
261	qhugkgq2ta82	130	7	27714
262	cmdrtottwf5q	18	1	111407
263	jc8f85cjyxl5	115	7	16076
264	i0lqc643fq0n	115	1	28434
267	35f6fojw9xpk	102	7	33717
269	0qor3e63qwxi	122	7	74671
270	i0lqc643fq0n	6	1	24876
271	8a1weopfrkoh	11	7	82688
273	qhugkgq2ta82	125	7	56702
279	i0lqc643fq0n	26	1	30600
281	8a1weopfrkoh	124	1	44383
282	qhugkgq2ta82	121	7	33125
283	35f6fojw9xpk	106	1	32052
284	0qor3e63qwxi	129	7	61333
286	jc8f85cjyxl5	128	1	23959
294	qhugkgq2ta82	127	7	32141
295	8a1weopfrkoh	102	1	69647
299	cmdrtottwf5q	126	7	34048
301	qhugkgq2ta82	25	7	54307
302	35f6fojw9xpk	11	7	119511
304	8a1weopfrkoh	108	1	72345
305	35f6fojw9xpk	7	7	19473
306	qhugkgq2ta82	105	7	22149
308	cmdrtottwf5q	104	7	49895
309	8a1weopfrkoh	122	7	22111
319	q95plwht7xcx	17	7	9206
320	cmdrtottwf5q	15	1	56767
322	qhugkgq2ta82	119	1	45888
323	q95plwht7xcx	16	7	24441
324	jc8f85cjyxl5	122	7	219391
325	0qor3e63qwxi	118	7	53448
326	5cso4j95591z	105	7	27240
327	q95plwht7xcx	101	1	5910
329	qx91el9vj81u	1	1	65902
330	uweox3yaik8p	105	1	80180
331	5cso4j95591z	120	1	15478
333	q95plwht7xcx	111	7	20887
335	qhugkgq2ta82	17	7	43649
336	q95plwht7xcx	24	1	13718
337	5cso4j95591z	112	7	32830
338	q95plwht7xcx	107	7	17410
339	0qor3e63qwxi	117	7	62262
340	5cso4j95591z	113	7	14551
341	qhugkgq2ta82	113	7	31944
342	q95plwht7xcx	112	7	15927
345	8a1weopfrkoh	8	7	56839
346	uweox3yaik8p	2	7	72508
347	5cso4j95591z	111	1	23763
348	q95plwht7xcx	113	1	14142
349	qx91el9vj81u	104	7	82279
351	5cso4j95591z	107	1	12449
353	q95plwht7xcx	29	1	14926
355	q95plwht7xcx	14	7	13319
358	uweox3yaik8p	130	1	44120
362	5cso4j95591z	4	1	13060
365	qx91el9vj81u	16	7	58544
366	8a1weopfrkoh	129	7	23080
367	qhugkgq2ta82	16	1	20539
370	uweox3yaik8p	101	7	45000
375	q95plwht7xcx	116	1	11262
376	qhugkgq2ta82	120	1	29094
379	q95plwht7xcx	114	7	12959
382	5cso4j95591z	29	7	33298
383	q95plwht7xcx	130	1	6278
384	qx91el9vj81u	4	1	68176
385	q95plwht7xcx	120	1	9914
386	5cso4j95591z	116	1	16648
387	5cso4j95591z	101	7	12351
388	8a1weopfrkoh	121	1	91031
390	q95plwht7xcx	105	1	25543
392	uweox3yaik8p	14	7	82990
393	5cso4j95591z	17	7	25083
394	qhugkgq2ta82	28	1	90528
398	8a1weopfrkoh	23	7	42607
400	5cso4j95591z	14	1	18095
402	qx91el9vj81u	111	1	76216
403	5cso4j95591z	130	7	8708
407	qx91el9vj81u	120	7	34597
409	8a1weopfrkoh	106	7	17888
410	5cso4j95591z	114	7	23303
412	uweox3yaik8p	29	1	91490
417	8a1weopfrkoh	118	7	34560
420	qx91el9vj81u	105	1	55055
436	qx91el9vj81u	114	7	75120
437	uweox3yaik8p	25	1	89244
449	uweox3yaik8p	107	7	74236
453	qx91el9vj81u	107	7	103510
456	qx91el9vj81u	113	7	27816
458	uweox3yaik8p	114	7	54501
466	flec4u189dqb	125	1	68617
467	qx91el9vj81u	15	7	92646
470	qx91el9vj81u	130	1	23935
475	flec4u189dqb	128	7	59382
478	qx91el9vj81u	112	1	33223
479	uweox3yaik8p	113	1	88183
485	flec4u189dqb	110	7	27787
487	qx91el9vj81u	101	7	34583
488	vl4jdpn8jhg1	127	1	9598
490	flec4u189dqb	12	1	25716
493	uweox3yaik8p	104	1	65293
494	vl4jdpn8jhg1	126	7	34763
496	flec4u189dqb	103	7	30706
502	uweox3yaik8p	120	1	54856
504	vl4jdpn8jhg1	108	1	62213
506	vl4jdpn8jhg1	110	7	11240
508	flec4u189dqb	19	7	41853
511	qx91el9vj81u	30	7	56880
517	xlguotmjc9ml	110	1	65919
518	uweox3yaik8p	111	1	91274
519	flec4u189dqb	104	1	41583
522	flec4u189dqb	127	1	20951
525	uweox3yaik8p	127	1	42036
526	czhhzj5r7wof	110	1	68903
530	flec4u189dqb	9	7	38798
532	flec4u189dqb	115	1	21035
535	0y2wy0cxabde	110	7	82543
540	0y2wy0cxabde	116	7	21391
542	uweox3yaik8p	4	7	50377
544	vl4jdpn8jhg1	20	7	222199
545	flec4u189dqb	30	7	25311
549	czhhzj5r7wof	125	1	133877
550	flec4u189dqb	21	7	29238
551	vl4jdpn8jhg1	128	1	22383
552	czhhzj5r7wof	126	7	16827
554	flec4u189dqb	126	1	15805
555	vl4jdpn8jhg1	21	7	12654
558	0y2wy0cxabde	103	7	79191
559	czhhzj5r7wof	1	7	31191
560	flec4u189dqb	108	7	33879
564	0y2wy0cxabde	115	7	33478
565	czhhzj5r7wof	112	1	32477
567	flec4u189dqb	123	1	23481
568	0y2wy0cxabde	5	1	10584
576	0y2wy0cxabde	123	1	46641
580	czhhzj5r7wof	2	1	24190
583	vl4jdpn8jhg1	111	7	143885
587	0y2wy0cxabde	20	7	24833
589	096o75k3ugc2	112	1	65841
593	xlguotmjc9ml	1	7	417218
595	czhhzj5r7wof	127	1	94738
596	czhhzj5r7wof	115	1	16700
597	096o75k3ugc2	118	1	59508
601	xlguotmjc9ml	116	1	75663
606	096o75k3ugc2	125	7	93654
611	vl4jdpn8jhg1	103	7	237550
612	xlguotmjc9ml	5	7	100531
613	096o75k3ugc2	28	7	53867
614	czhhzj5r7wof	103	1	14710
618	czhhzj5r7wof	11	7	13947
623	096o75k3ugc2	114	1	43814
624	vl4jdpn8jhg1	115	7	17270
627	xlguotmjc9ml	128	7	71078
633	0y2wy0cxabde	126	7	28672
634	096o75k3ugc2	2	1	66753
637	vl4jdpn8jhg1	9	7	18415
638	xlguotmjc9ml	21	7	74738
639	vl4jdpn8jhg1	125	1	11593
641	czhhzj5r7wof	119	7	140384
645	096o75k3ugc2	10	1	84267
649	xlguotmjc9ml	2	1	74225
650	0y2wy0cxabde	127	1	119095
656	096o75k3ugc2	116	7	46584
659	bqucvatj17cc	121	7	84128
666	tgprk5wd9oez	25	1	65320
667	vl4jdpn8jhg1	123	1	17157
670	czhhzj5r7wof	116	1	43033
672	vl4jdpn8jhg1	12	1	32037
676	tgprk5wd9oez	26	1	59406
677	096o75k3ugc2	101	7	30360
678	0y2wy0cxabde	26	7	87511
681	0y2wy0cxabde	1	7	17247
685	tgprk5wd9oez	119	7	42766
689	vl4jdpn8jhg1	11	1	83644
692	xlguotmjc9ml	125	7	30303
693	tgprk5wd9oez	1	7	32372
694	0y2wy0cxabde	119	1	52791
695	6nflb6zan08u	115	7	22762
699	xlguotmjc9ml	115	1	34899
700	bqucvatj17cc	12	7	183774
701	tgprk5wd9oez	121	1	31569
703	096o75k3ugc2	13	7	61577
704	0y2wy0cxabde	125	1	34054
708	tgprk5wd9oez	123	7	22922
709	0y2wy0cxabde	10	1	19111
710	6nflb6zan08u	126	1	53655
711	0y2wy0cxabde	112	1	16617
712	096o75k3ugc2	130	1	43150
713	6nflb6zan08u	111	1	23355
715	xlguotmjc9ml	9	7	45920
716	tgprk5wd9oez	109	1	46439
717	v69kz73k51na	117	1	65575
718	czhhzj5r7wof	30	1	206030
719	bqucvatj17cc	124	7	88330
720	6nflb6zan08u	3	1	36236
725	czhhzj5r7wof	123	1	29912
726	xlguotmjc9ml	123	1	39107
727	tgprk5wd9oez	23	7	43809
728	v69kz73k51na	17	7	45325
730	6nflb6zan08u	123	7	30744
731	096o75k3ugc2	12	7	38219
732	xlguotmjc9ml	103	7	36796
734	6nflb6zan08u	20	1	29331
735	czhhzj5r7wof	5	7	57193
736	096o75k3ugc2	120	1	24234
738	6nflb6zan08u	110	1	20760
739	bqucvatj17cc	3	1	90394
740	6nflb6zan08u	103	1	16940
741	xlguotmjc9ml	127	7	51678
743	v69kz73k51na	104	1	87656
744	096o75k3ugc2	123	7	42018
749	v69kz73k51na	122	7	39088
752	xlguotmjc9ml	111	1	54643
754	bqucvatj17cc	119	7	73809
755	096o75k3ugc2	119	1	45818
757	xlguotmjc9ml	126	1	25968
760	v69kz73k51na	113	7	42153
761	6nflb6zan08u	2	7	20676
762	bqucvatj17cc	130	7	51049
764	6nflb6zan08u	127	1	15304
766	6nflb6zan08u	1	7	34516
769	6nflb6zan08u	128	7	10356
770	tgprk5wd9oez	106	1	56374
771	bqucvatj17cc	13	7	72545
772	6nflb6zan08u	116	7	36256
774	v69kz73k51na	102	1	125102
775	tgprk5wd9oez	105	1	54387
776	6nflb6zan08u	21	1	24831
777	bqucvatj17cc	123	7	58064
778	6nflb6zan08u	125	1	20980
781	bqucvatj17cc	106	1	62474
785	tgprk5wd9oez	124	1	102921
789	v69kz73k51na	111	1	62615
793	tgprk5wd9oez	117	1	81327
797	v69kz73k51na	8	7	81863
800	v69kz73k51na	109	7	36519
801	tgprk5wd9oez	130	7	78885
802	bqucvatj17cc	25	7	57281
804	bqucvatj17cc	1	7	44881
805	v69kz73k51na	13	7	58608
807	tgprk5wd9oez	129	7	68521
809	bqucvatj17cc	105	1	42362
812	ojvx4fcd4xpq	105	7	47866
817	ojvx4fcd4xpq	102	1	52222
819	bqucvatj17cc	109	7	59400
820	tgprk5wd9oez	13	7	131895
822	ojvx4fcd4xpq	107	7	48116
824	bqucvatj17cc	117	7	44383
828	ojvx4fcd4xpq	113	7	58487
830	v69kz73k51na	22	1	68231
832	bqucvatj17cc	120	1	45409
833	ojvx4fcd4xpq	114	7	57723
834	ojvx4fcd4xpq	118	7	25903
836	v69kz73k51na	106	1	105631
838	v69kz73k51na	120	1	39975
839	ojvx4fcd4xpq	101	7	44923
843	ojvx4fcd4xpq	18	7	57106
846	ojvx4fcd4xpq	16	7	40940
852	ojvx4fcd4xpq	129	1	25123
853	v69kz73k51na	11	1	97792
855	v69kz73k51na	105	1	31359
858	ojvx4fcd4xpq	108	7	33726
861	ojvx4fcd4xpq	122	7	54468
864	ojvx4fcd4xpq	6	7	67103
866	ojvx4fcd4xpq	17	1	42381
868	ojvx4fcd4xpq	7	1	40058
875	8h4mmml3jg2f	111	1	264756
877	8h4mmml3jg2f	101	1	71658
882	8h4mmml3jg2f	6	7	154841
884	8h4mmml3jg2f	112	1	145476
891	8h4mmml3jg2f	110	1	105802
899	8h4mmml3jg2f	122	1	94252
901	ni7vain0dyzo	30	1	46117
903	axnfxfy9cfn8	24	1	9152
905	ni7vain0dyzo	19	1	60008
907	axnfxfy9cfn8	18	7	68334
909	ni7vain0dyzo	124	1	76582
910	axnfxfy9cfn8	102	7	54507
912	ni7vain0dyzo	118	7	36196
913	ni7vain0dyzo	29	1	44379
914	axnfxfy9cfn8	104	7	90715
915	ni7vain0dyzo	102	7	31828
916	axnfxfy9cfn8	29	7	25389
920	w6ypl6o9c5qg	117	1	41316
922	ni7vain0dyzo	117	7	21696
923	8h4mmml3jg2f	18	7	203769
924	w6ypl6o9c5qg	8	1	42609
926	axnfxfy9cfn8	117	7	106068
927	ni7vain0dyzo	104	1	37199
931	ni7vain0dyzo	122	1	17424
932	w6ypl6o9c5qg	107	7	55579
933	axnfxfy9cfn8	16	1	40665
934	ni7vain0dyzo	24	7	26383
936	8h4mmml3jg2f	108	7	97756
938	w6ypl6o9c5qg	128	1	52314
939	ni7vain0dyzo	121	7	33650
940	axnfxfy9cfn8	122	1	40664
941	ni7vain0dyzo	116	1	23515
942	8h4mmml3jg2f	129	1	57426
943	ni7vain0dyzo	129	7	20448
944	w6ypl6o9c5qg	20	1	54190
946	ni7vain0dyzo	107	1	17250
948	axnfxfy9cfn8	30	1	65525
949	ni7vain0dyzo	15	1	33079
951	axnfxfy9cfn8	121	1	57050
955	w6ypl6o9c5qg	110	7	54687
956	axnfxfy9cfn8	116	7	39235
960	w6ypl6o9c5qg	102	7	73035
961	8h4mmml3jg2f	27	1	135017
962	w6ypl6o9c5qg	118	1	19634
963	axnfxfy9cfn8	107	7	46769
967	axnfxfy9cfn8	129	1	58292
969	w6ypl6o9c5qg	104	1	44510
971	axnfxfy9cfn8	118	7	35699
973	8h4mmml3jg2f	20	7	145046
977	8h4mmml3jg2f	113	1	71555
979	t75awdjy77o3	28	7	110882
982	8h4mmml3jg2f	104	7	168426
985	t75awdjy77o3	116	7	42285
987	w6ypl6o9c5qg	27	7	29848
989	nxtxfz4wfzb1	14	7	37789
990	w6ypl6o9c5qg	121	1	23489
991	t75awdjy77o3	10	1	53678
993	nxtxfz4wfzb1	27	7	38783
995	t75awdjy77o3	109	7	40228
997	nxtxfz4wfzb1	120	1	17729
999	nxtxfz4wfzb1	108	1	10779
1000	nxtxfz4wfzb1	7	1	13781
1001	t75awdjy77o3	114	7	36356
1004	t75awdjy77o3	126	1	24418
1006	nxtxfz4wfzb1	116	1	17804
1008	nxtxfz4wfzb1	106	7	13856
1010	nxtxfz4wfzb1	109	1	19668
1011	69882wn0o0dj	11	7	147005
1012	t75awdjy77o3	110	7	54603
1014	8h4mmml3jg2f	26	7	98774
1015	nxtxfz4wfzb1	111	7	38552
1017	t75awdjy77o3	106	7	38340
1018	nxtxfz4wfzb1	11	1	29590
1019	zkcrxinbpvb4	14	1	51860
1021	8h4mmml3jg2f	107	1	64610
1023	t75awdjy77o3	108	7	34802
1024	nxtxfz4wfzb1	128	1	35018
1025	69882wn0o0dj	17	1	85216
1027	zkcrxinbpvb4	9	7	33125
1031	zkcrxinbpvb4	115	1	21177
1032	69882wn0o0dj	101	1	61712
1033	zkcrxinbpvb4	126	1	23753
1035	t75awdjy77o3	22	7	45212
1036	5vy1614eplhx	115	7	100481
1037	zkcrxinbpvb4	127	1	26574
1038	nxtxfz4wfzb1	114	1	89801
1039	zkcrxinbpvb4	111	7	28531
1040	t75awdjy77o3	120	1	51465
1041	nxtxfz4wfzb1	126	1	16300
1043	69882wn0o0dj	109	1	87247
1044	zkcrxinbpvb4	29	1	35666
1046	69882wn0o0dj	126	7	43089
1047	t75awdjy77o3	111	7	77166
1049	5vy1614eplhx	14	7	124921
1050	zkcrxinbpvb4	110	1	61772
1054	69882wn0o0dj	120	1	49370
1057	zkcrxinbpvb4	112	7	20538
1060	zkcrxinbpvb4	101	7	30341
1061	5vy1614eplhx	29	7	93075
1062	69882wn0o0dj	22	1	87122
1063	t75awdjy77o3	12	7	56561
1064	nxtxfz4wfzb1	28	1	163538
1065	zkcrxinbpvb4	124	7	51865
1067	nxtxfz4wfzb1	119	1	14387
1071	zkcrxinbpvb4	105	1	28239
1072	5vy1614eplhx	111	1	113822
1074	t75awdjy77o3	14	7	87958
1075	69882wn0o0dj	128	7	107457
1078	zkcrxinbpvb4	22	1	47377
1079	69882wn0o0dj	119	7	66716
1080	zkcrxinbpvb4	23	1	39603
1083	zkcrxinbpvb4	114	1	20527
1085	lelqbpdne34a	121	7	47568
1087	5vy1614eplhx	124	7	150614
1090	lelqbpdne34a	130	7	27701
1091	5vy1614eplhx	101	1	41978
1094	lelqbpdne34a	112	7	48958
1101	lelqbpdne34a	25	7	67826
1103	69882wn0o0dj	111	7	185486
1104	5vy1614eplhx	126	7	58464
1105	lelqbpdne34a	127	1	76005
1108	lelqbpdne34a	122	7	44544
1109	5vy1614eplhx	127	1	79449
1112	lelqbpdne34a	5	7	63473
1114	lelqbpdne34a	113	1	32157
1115	69882wn0o0dj	108	7	64074
1116	5vy1614eplhx	114	7	94198
1120	uq8ids8sakry	129	1	22806
1121	lelqbpdne34a	6	1	52040
1122	ik9cc74lbzls	103	1	48266
1125	uq8ids8sakry	102	1	28464
1129	uq8ids8sakry	9	7	32553
1130	ik9cc74lbzls	8	7	55189
1131	uq8ids8sakry	121	1	11526
1132	5vy1614eplhx	26	1	143610
1134	ik9cc74lbzls	2	1	36351
1135	uq8ids8sakry	115	1	30841
1138	69882wn0o0dj	23	1	167839
1141	ik9cc74lbzls	17	1	45433
1142	69882wn0o0dj	114	1	27746
1146	lelqbpdne34a	3	1	49182
1148	uq8ids8sakry	125	1	23507
1149	ik9cc74lbzls	116	7	28684
1152	ik9cc74lbzls	129	7	14457
1153	69882wn0o0dj	106	7	30495
1154	ik9cc74lbzls	102	1	14366
1155	uq8ids8sakry	105	7	35410
1157	ik9cc74lbzls	118	1	18884
1159	uq8ids8sakry	8	1	28071
1160	69882wn0o0dj	10	7	42238
1161	ik9cc74lbzls	115	7	17271
1163	5vy1614eplhx	112	1	71952
1165	uq8ids8sakry	23	1	17412
1167	uq8ids8sakry	118	1	16064
1173	lelqbpdne34a	118	1	45677
1176	uq8ids8sakry	103	7	22449
1178	ik9cc74lbzls	121	1	14107
1180	5vy1614eplhx	110	7	97051
1181	lelqbpdne34a	125	7	46725
1182	ik9cc74lbzls	105	7	17743
1184	uq8ids8sakry	6	1	49590
1185	ik9cc74lbzls	117	1	24256
1189	5vy1614eplhx	105	7	56856
1190	lelqbpdne34a	103	7	57156
1193	uq8ids8sakry	26	7	27299
1194	ik9cc74lbzls	125	7	39084
1197	uq8ids8sakry	117	1	16784
1199	lelqbpdne34a	124	1	46300
1200	ik9cc74lbzls	23	1	49446
1202	uq8ids8sakry	116	7	46980
1205	5vy1614eplhx	23	1	97078
1206	ik9cc74lbzls	26	1	40808
1217	5vy1614eplhx	25	7	83704
1234	3xdeewipfzsz	128	7	73394
1253	1sllc3q7l25y	16	1	95686
1254	3xdeewipfzsz	28	7	104671
1259	1sllc3q7l25y	101	7	47144
1265	4t7v2yzq5yjz	112	1	21669
1266	3xdeewipfzsz	20	7	74829
1269	4t7v2yzq5yjz	110	7	36515
1270	wbt5f8rgy0cj	122	7	87845
1271	wbt5f8rgy0cj	124	7	15136
1272	3xdeewipfzsz	30	1	60218
1274	1sllc3q7l25y	7	7	102757
1276	wbt5f8rgy0cj	113	7	19709
1277	4t7v2yzq5yjz	123	1	51330
1278	4t7v2yzq5yjz	124	7	13567
1279	wbt5f8rgy0cj	20	7	24499
1282	wbt5f8rgy0cj	119	1	21091
1286	4t7v2yzq5yjz	122	7	57986
1287	xt4gxt8bgnct	30	1	165394
1289	1sllc3q7l25y	119	1	107656
1291	wbt5f8rgy0cj	28	1	27445
1295	wbt5f8rgy0cj	110	1	29576
1296	3xdeewipfzsz	106	1	167549
1299	1sllc3q7l25y	107	7	83414
1300	wbt5f8rgy0cj	123	7	48579
1301	xt4gxt8bgnct	122	1	101007
1306	4t7v2yzq5yjz	119	1	130696
1310	wbt5f8rgy0cj	29	1	27119
1312	wbt5f8rgy0cj	107	1	13095
1315	wbt5f8rgy0cj	112	1	25555
1318	wbt5f8rgy0cj	13	7	18738
1321	1sllc3q7l25y	128	7	109955
1326	xt4gxt8bgnct	29	1	120230
1327	wbt5f8rgy0cj	120	1	12261
1333	wbt5f8rgy0cj	108	1	8077
1334	4t7v2yzq5yjz	15	7	135547
1337	1sllc3q7l25y	113	1	73424
1340	xt4gxt8bgnct	113	7	74047
1348	xt4gxt8bgnct	119	7	68151
1349	1sllc3q7l25y	13	7	86453
1353	3xdeewipfzsz	130	7	143059
1354	4t7v2yzq5yjz	113	1	123159
1358	xt4gxt8bgnct	112	1	49193
1364	1sllc3q7l25y	110	7	77909
1365	4t7v2yzq5yjz	13	7	77424
1368	xt4gxt8bgnct	123	1	87615
1373	4t7v2yzq5yjz	108	1	57848
1376	5f2nyse62igb	125	7	30292
1380	5f2nyse62igb	24	1	23281
1385	5f2nyse62igb	126	1	17522
1389	5f2nyse62igb	102	1	14117
1390	4t7v2yzq5yjz	30	1	77827
1392	5f2nyse62igb	114	1	19906
1399	5f2nyse62igb	124	7	19613
1408	65dorhhy7dnx	111	7	87010
1411	1sllc3q7l25y	130	1	64149
1412	xt4gxt8bgnct	21	7	101221
1413	4t7v2yzq5yjz	29	1	93650
1414	5f2nyse62igb	111	7	26615
1416	5f2nyse62igb	20	1	29180
1417	65dorhhy7dnx	117	1	61451
1418	5f2nyse62igb	115	7	6340
1420	5f2nyse62igb	101	7	12774
1423	myicbxwgkqz9	20	7	102129
1424	5f2nyse62igb	117	7	13200
1429	5f2nyse62igb	26	7	26525
1431	5f2nyse62igb	21	7	21514
1432	myicbxwgkqz9	101	7	54076
1433	5f2nyse62igb	104	7	24271
1434	1sllc3q7l25y	106	1	70967
1435	65dorhhy7dnx	3	7	122986
1436	5f2nyse62igb	25	1	21281
1438	4t7v2yzq5yjz	20	1	102341
1439	myicbxwgkqz9	26	7	77688
1440	1sllc3q7l25y	109	1	56245
1441	65dorhhy7dnx	109	1	48813
1443	3xdeewipfzsz	104	1	136627
1444	65dorhhy7dnx	101	1	46975
1445	myicbxwgkqz9	103	7	64318
1446	1sllc3q7l25y	4	7	64319
1449	3xdeewipfzsz	101	7	77478
1450	xt4gxt8bgnct	124	1	99859
1451	bkryc6l4aayz	103	1	19022
1454	bkryc6l4aayz	7	1	11405
1455	myicbxwgkqz9	11	7	74412
1457	4t7v2yzq5yjz	120	1	39755
1458	1sllc3q7l25y	104	7	85382
1465	bkryc6l4aayz	116	1	85677
1468	3xdeewipfzsz	110	1	105972
1470	myicbxwgkqz9	111	1	94736
1474	1sllc3q7l25y	30	1	91671
1475	65dorhhy7dnx	104	7	77624
1477	bkryc6l4aayz	105	7	50208
1480	myicbxwgkqz9	109	7	49427
1481	dvacrd1cjkze	122	7	18364
1482	xt4gxt8bgnct	108	7	89558
1483	dvacrd1cjkze	17	1	13899
1484	4t7v2yzq5yjz	107	1	61236
1488	3xdeewipfzsz	113	1	126123
1491	dvacrd1cjkze	118	1	52014
1492	xt4gxt8bgnct	120	1	66059
1494	dvacrd1cjkze	127	1	15609
1495	65dorhhy7dnx	26	1	118215
1496	dvacrd1cjkze	108	7	12888
1504	bkryc6l4aayz	127	1	187287
1507	xt4gxt8bgnct	110	1	89318
1509	dvacrd1cjkze	9	7	10100
1510	myicbxwgkqz9	21	1	78976
1511	dvacrd1cjkze	105	1	10702
1515	dvacrd1cjkze	112	7	22725
1517	65dorhhy7dnx	12	7	146748
1519	myicbxwgkqz9	117	1	51421
1521	xt4gxt8bgnct	107	7	75611
1523	dvacrd1cjkze	14	1	25536
1525	dvacrd1cjkze	5	1	22028
1530	dvacrd1cjkze	128	7	29526
1532	65dorhhy7dnx	17	1	78534
1533	dvacrd1cjkze	121	7	14624
1534	dvacrd1cjkze	129	1	13148
1537	xt4gxt8bgnct	24	1	104393
1538	dvacrd1cjkze	116	7	13925
1540	bkryc6l4aayz	124	1	80513
1541	dvacrd1cjkze	18	7	13716
1542	myicbxwgkqz9	124	1	80905
1543	65dorhhy7dnx	9	1	78010
1545	bkryc6l4aayz	118	7	39393
1546	myicbxwgkqz9	105	7	43460
1548	3xdeewipfzsz	109	7	384678
1550	65dorhhy7dnx	126	7	47972
1551	rboy46iz66uh	115	1	128852
1553	65dorhhy7dnx	115	1	56944
1555	3xdeewipfzsz	107	1	121852
1557	myicbxwgkqz9	104	1	80972
1558	65dorhhy7dnx	125	7	100717
1559	myicbxwgkqz9	116	7	42926
1561	rboy46iz66uh	8	1	144508
1566	myicbxwgkqz9	115	1	48794
1570	65dorhhy7dnx	124	1	78370
1571	myicbxwgkqz9	3	1	70723
1575	65dorhhy7dnx	103	7	45520
1578	3xdeewipfzsz	11	7	129598
1584	rboy46iz66uh	114	1	253221
1589	3xdeewipfzsz	4	7	149400
1593	rboy46iz66uh	1	1	112554
1594	rboy46iz66uh	124	7	23664
1602	rboy46iz66uh	102	7	197368
1605	rboy46iz66uh	16	1	38497
1607	rboy46iz66uh	123	1	17337
1610	rboy46iz66uh	118	1	31131
1640	rboy46iz66uh	18	7	438791
1643	rboy46iz66uh	103	1	14289
1649	tc2tciourvzb	12	7	175046
1659	ybfqoj97bpeu	1	7	36352
1663	ybfqoj97bpeu	123	7	29816
1670	ybfqoj97bpeu	111	1	60787
1672	rboy46iz66uh	128	1	45726
1675	rboy46iz66uh	130	7	15314
1676	ybfqoj97bpeu	10	7	28900
1677	tc2tciourvzb	22	1	210062
1681	rboy46iz66uh	2	1	21757
1682	ybfqoj97bpeu	113	1	38839
1684	rboy46iz66uh	122	1	9684
1690	tc2tciourvzb	125	7	87541
1695	ybfqoj97bpeu	14	7	40553
1696	tc2tciourvzb	129	7	31986
1698	ybfqoj97bpeu	19	1	30314
1700	tc2tciourvzb	130	1	35772
1703	ybfqoj97bpeu	112	7	34270
1708	ybfqoj97bpeu	121	7	36940
1709	tc2tciourvzb	106	1	68886
1712	5qqvrih7zafm	21	7	59848
1713	tc2tciourvzb	102	1	24586
1717	5qqvrih7zafm	112	7	39280
1718	ybfqoj97bpeu	125	1	81315
1720	tc2tciourvzb	110	1	48023
1723	5qqvrih7zafm	123	1	40967
1732	tc2tciourvzb	15	7	46153
1733	5qqvrih7zafm	6	1	97735
1735	sfpnxnwe63rk	28	7	71168
1736	ybfqoj97bpeu	115	7	68411
1737	5lmuczlomuoh	108	1	124660
1740	ybfqoj97bpeu	6	7	55966
1742	tc2tciourvzb	122	1	102863
1745	sfpnxnwe63rk	24	7	83518
1746	5lmuczlomuoh	115	7	73504
1747	5qqvrih7zafm	12	7	111415
1748	ybfqoj97bpeu	120	1	44299
1751	sfpnxnwe63rk	114	1	51743
1755	sfpnxnwe63rk	116	7	40799
1756	5qqvrih7zafm	110	7	103721
1757	5lmuczlomuoh	28	7	119018
1758	ybfqoj97bpeu	110	1	60346
1761	ybfqoj97bpeu	106	1	38858
1763	sfpnxnwe63rk	127	7	84231
1764	5qqvrih7zafm	26	1	82612
1765	sfpnxnwe63rk	108	1	34967
1767	5lmuczlomuoh	126	1	116520
1769	tc2tciourvzb	111	7	266223
1770	sfpnxnwe63rk	2	7	52095
1774	sfpnxnwe63rk	115	1	47919
1781	5lmuczlomuoh	116	1	187828
1790	tc2tciourvzb	2	1	48012
1791	5qqvrih7zafm	109	1	63431
1792	5lmuczlomuoh	23	7	94469
1793	tc2tciourvzb	113	1	27771
1796	tc2tciourvzb	123	1	42345
1797	5qqvrih7zafm	102	7	64295
1798	sfpnxnwe63rk	101	7	114620
1800	sfpnxnwe63rk	119	7	64119
1802	sfpnxnwe63rk	120	1	31046
1803	5lmuczlomuoh	127	7	191358
1805	5qqvrih7zafm	116	1	95175
1806	sfpnxnwe63rk	30	7	73855
1810	sfpnxnwe63rk	19	7	35559
1814	5qqvrih7zafm	30	7	98769
1815	ux2pj4doca0p	107	1	80017
1816	sfpnxnwe63rk	113	7	41815
1821	5qqvrih7zafm	101	1	67607
1823	ux2pj4doca0p	124	7	173476
1824	ux2pj4doca0p	126	7	28067
1825	5qqvrih7zafm	127	7	84553
1826	ux2pj4doca0p	25	1	110338
1827	5qqvrih7zafm	128	7	135983
1828	5lmuczlomuoh	119	1	404135
1829	ux2pj4doca0p	118	1	61092
1831	5qqvrih7zafm	108	1	76719
1832	95v5lvohfakj	114	1	51686
1833	5lmuczlomuoh	114	7	101768
1834	ux2pj4doca0p	114	7	134889
1835	95v5lvohfakj	103	1	77383
1836	95v5lvohfakj	26	7	11902
1837	95v5lvohfakj	18	7	32344
1839	95v5lvohfakj	105	1	44253
1843	ux2pj4doca0p	4	1	63233
1844	95v5lvohfakj	107	1	44382
1845	msgda9kenk6k	118	1	65199
1846	95v5lvohfakj	101	7	45652
1847	95v5lvohfakj	120	1	13164
1849	msgda9kenk6k	104	1	84317
1851	95v5lvohfakj	104	1	66464
1852	95v5lvohfakj	22	7	17745
1853	msgda9kenk6k	29	7	130728
1855	5lmuczlomuoh	12	1	503006
1856	ux2pj4doca0p	20	7	163520
1857	95v5lvohfakj	29	1	43983
1858	msgda9kenk6k	112	7	71002
1859	95v5lvohfakj	108	1	37444
1860	ux2pj4doca0p	105	1	77987
1862	msgda9kenk6k	101	7	49046
1863	5lmuczlomuoh	110	7	120516
1864	95v5lvohfakj	7	1	33020
1865	95v5lvohfakj	118	7	24551
1866	msgda9kenk6k	7	1	79669
1867	ux2pj4doca0p	101	7	118630
1868	95v5lvohfakj	112	7	52687
1870	msgda9kenk6k	107	7	56589
1873	ux2pj4doca0p	127	7	83041
1874	ubjcpn56cs5d	25	1	56857
1876	ubjcpn56cs5d	112	7	58985
1878	ux2pj4doca0p	112	7	97304
1879	ubjcpn56cs5d	129	7	30211
1880	msgda9kenk6k	126	7	45335
1881	msgda9kenk6k	120	1	27812
1883	ubjcpn56cs5d	124	1	62781
1885	msgda9kenk6k	105	7	36070
1892	ubjcpn56cs5d	107	7	62225
1896	msgda9kenk6k	11	1	43143
1898	ubjcpn56cs5d	17	7	40737
1900	msgda9kenk6k	129	7	31273
1904	msgda9kenk6k	117	7	37509
1906	ubjcpn56cs5d	104	7	60673
1909	msgda9kenk6k	22	1	36303
1912	msgda9kenk6k	13	1	38632
1913	ubjcpn56cs5d	18	7	75707
1922	5lmuczlomuoh	2	7	262081
1924	ux2pj4doca0p	11	1	366074
1925	ubjcpn56cs5d	103	1	47791
1933	5lmuczlomuoh	101	7	162476
1934	ubjcpn56cs5d	106	7	71128
1945	ubjcpn56cs5d	117	7	54899
1946	08rkzvecgor6	24	1	79309
1949	08rkzvecgor6	117	7	38728
1950	5lmuczlomuoh	109	1	162050
1952	ubjcpn56cs5d	109	7	40894
1954	08rkzvecgor6	10	1	56874
1957	08rkzvecgor6	109	1	47787
1958	ubjcpn56cs5d	21	7	75938
1960	5lmuczlomuoh	22	1	116799
1963	08rkzvecgor6	116	7	49171
1964	ubjcpn56cs5d	24	7	46396
1966	ubjcpn56cs5d	126	1	35506
1967	08rkzvecgor6	23	7	39086
1969	08rkzvecgor6	126	7	55528
1970	08rkzvecgor6	111	1	49554
1971	08rkzvecgor6	119	7	37272
1974	08rkzvecgor6	118	7	28141
1976	ux2pj4doca0p	104	1	665416
1982	ux2pj4doca0p	29	7	78747
1983	08rkzvecgor6	19	1	38460
1985	08rkzvecgor6	102	7	42370
1992	08rkzvecgor6	121	7	32400
1994	08rkzvecgor6	27	1	29158
2001	ff4eoge78fz6	122	7	68406
2003	ff4eoge78fz6	105	1	52480
2006	ff4eoge78fz6	125	1	82879
2007	ff4eoge78fz6	128	1	37079
2010	ff4eoge78fz6	30	7	33410
2017	ff4eoge78fz6	115	1	25647
2019	ff4eoge78fz6	121	1	30935
2020	ff4eoge78fz6	120	7	30327
2021	ff4eoge78fz6	27	1	10255
2023	ff4eoge78fz6	26	1	9231
2024	ff4eoge78fz6	124	1	27190
2026	ff4eoge78fz6	114	7	46874
2027	5hcm874cigh2	119	7	53340
2029	ff4eoge78fz6	28	7	34704
2030	5hcm874cigh2	124	7	98176
2031	5hcm874cigh2	12	7	52116
2032	5hcm874cigh2	112	1	47820
2033	5hcm874cigh2	114	7	36847
2034	5hcm874cigh2	113	1	68782
2035	5hcm874cigh2	111	1	51035
2037	5hcm874cigh2	28	7	42879
2038	5hcm874cigh2	4	7	50166
2040	fq937153nnwm	7	1	46278
2041	5hcm874cigh2	11	7	65180
2042	fq937153nnwm	103	1	31352
2043	fq937153nnwm	129	7	18290
2044	5hcm874cigh2	105	1	43096
2045	fq937153nnwm	106	7	21221
2047	fq937153nnwm	8	7	37149
2049	fq937153nnwm	130	7	35748
2050	5hcm874cigh2	7	1	38983
2051	fq937153nnwm	110	1	45766
2053	5hcm874cigh2	110	7	57460
2057	fq937153nnwm	11	7	25428
2058	5hcm874cigh2	103	1	49787
2059	fq937153nnwm	120	1	16160
2060	5hcm874cigh2	130	1	28301
2061	fq937153nnwm	5	7	29452
2063	fq937153nnwm	108	7	27334
2064	fq937153nnwm	3	7	44941
2065	fq937153nnwm	105	7	26269
2066	fq937153nnwm	122	7	22835
2067	fq937153nnwm	107	1	26140
2117	af1ovb7dnwxl	117	7	69347
2119	af1ovb7dnwxl	25	7	162518
2120	dyzpr5xzrzn5	115	7	8904
2121	dyzpr5xzrzn5	25	1	27876
2122	dyzpr5xzrzn5	101	7	26915
2123	dyzpr5xzrzn5	107	7	16418
2124	dyzpr5xzrzn5	111	7	45052
2125	dyzpr5xzrzn5	18	1	46557
2126	dyzpr5xzrzn5	119	1	34503
2127	af1ovb7dnwxl	122	7	220325
2128	dyzpr5xzrzn5	108	1	34181
2130	dyzpr5xzrzn5	12	7	31782
2132	dyzpr5xzrzn5	27	1	58756
2134	dyzpr5xzrzn5	104	1	18292
2136	dyzpr5xzrzn5	124	1	32490
2137	dyzpr5xzrzn5	16	1	24250
2138	dyzpr5xzrzn5	130	7	14377
2139	dyzpr5xzrzn5	122	1	22912
2141	io7ca68pfydf	105	7	48671
2142	af1ovb7dnwxl	27	1	484159
2143	io7ca68pfydf	110	7	43607
2144	af1ovb7dnwxl	115	7	31429
2145	io7ca68pfydf	120	1	99471
2146	io7ca68pfydf	126	1	45879
2147	af1ovb7dnwxl	101	1	150582
2148	io7ca68pfydf	109	1	55520
2152	af1ovb7dnwxl	111	7	136023
2153	io7ca68pfydf	4	1	44208
2154	af1ovb7dnwxl	130	7	46749
2155	a0u7i7ocmh2x	10	1	81191
2156	af1ovb7dnwxl	12	1	17874
2158	io7ca68pfydf	112	7	47103
2160	a0u7i7ocmh2x	5	7	70583
2163	af1ovb7dnwxl	5	7	42383
2164	io7ca68pfydf	8	7	96256
2165	af1ovb7dnwxl	9	7	13351
2169	a0u7i7ocmh2x	1	7	85142
2172	io7ca68pfydf	5	7	85726
2175	a0u7i7ocmh2x	121	7	102149
2177	io7ca68pfydf	1	7	55440
2179	af1ovb7dnwxl	104	1	69368
2180	io7ca68pfydf	114	7	59663
2183	af1ovb7dnwxl	107	7	51721
2186	io7ca68pfydf	104	1	67719
2191	io7ca68pfydf	111	1	67695
2193	af1ovb7dnwxl	108	1	52612
2196	io7ca68pfydf	2	1	80623
2198	af1ovb7dnwxl	119	7	161413
2200	io7ca68pfydf	121	7	77263
2201	a0u7i7ocmh2x	4	7	641830
2203	a0u7i7ocmh2x	111	7	74844
2204	a0u7i7ocmh2x	112	7	38243
2205	cugp3ysmqwtf	124	7	86603
2206	cugp3ysmqwtf	30	1	15436
2208	cugp3ysmqwtf	116	1	27369
2210	a0u7i7ocmh2x	107	1	70187
2211	cugp3ysmqwtf	9	1	78099
2212	8e95qksljfd3	128	7	76301
2213	cugp3ysmqwtf	118	7	55787
2214	8e95qksljfd3	23	7	39215
2215	cugp3ysmqwtf	26	7	34932
2216	cugp3ysmqwtf	117	7	28539
2217	8e95qksljfd3	3	1	80550
2218	8e95qksljfd3	129	7	29122
2220	8e95qksljfd3	102	1	39486
2221	a0u7i7ocmh2x	106	1	50974
2222	cugp3ysmqwtf	28	7	135317
2223	8e95qksljfd3	113	1	42818
2225	8e95qksljfd3	13	7	63879
2228	a0u7i7ocmh2x	103	1	79956
2230	8e95qksljfd3	125	7	62565
2231	8e95qksljfd3	127	1	30108
2232	cugp3ysmqwtf	120	1	53218
2233	a0u7i7ocmh2x	104	1	72805
2234	cugp3ysmqwtf	102	7	30829
2235	8e95qksljfd3	15	1	49138
2236	cugp3ysmqwtf	113	7	30439
2237	a0u7i7ocmh2x	108	7	63846
2240	a0u7i7ocmh2x	114	7	62343
2241	cugp3ysmqwtf	3	7	65528
2245	8e95qksljfd3	116	1	40433
2246	cugp3ysmqwtf	129	7	22709
2247	a0u7i7ocmh2x	8	7	63069
2248	8e95qksljfd3	120	7	41973
2250	k6thogfkappd	126	7	16993
2252	k6thogfkappd	117	1	19890
2254	a0u7i7ocmh2x	125	7	89770
2255	k6thogfkappd	2	1	33456
2256	k6thogfkappd	122	7	20075
2257	cugp3ysmqwtf	128	7	154041
2258	k6thogfkappd	123	1	27103
2259	k6thogfkappd	105	7	28198
2260	k6thogfkappd	109	1	17131
2261	k6thogfkappd	7	7	38987
2262	k6thogfkappd	110	1	34430
2264	k6thogfkappd	16	1	22412
2265	k6thogfkappd	18	7	22934
2266	8e95qksljfd3	26	7	268406
2268	8e95qksljfd3	118	1	33053
2269	k6thogfkappd	124	1	23597
2270	8e95qksljfd3	117	7	31899
2271	k6thogfkappd	10	1	24988
2276	k6thogfkappd	115	7	12604
2278	k6thogfkappd	118	7	14588
2297	v8ltkxy8mbgw	130	1	38006
2298	v8ltkxy8mbgw	19	1	42194
2299	v8ltkxy8mbgw	122	7	32503
2300	v8ltkxy8mbgw	123	7	27342
2301	v8ltkxy8mbgw	6	1	67634
2302	v8ltkxy8mbgw	125	7	33298
2305	v8ltkxy8mbgw	25	7	15482
2306	v8ltkxy8mbgw	30	7	19806
2308	v8ltkxy8mbgw	119	7	12917
2309	v8ltkxy8mbgw	120	1	15176
2310	v8ltkxy8mbgw	129	1	13723
2312	v8ltkxy8mbgw	128	7	16752
2313	v8ltkxy8mbgw	15	7	23535
2314	v8ltkxy8mbgw	101	7	18469
2315	v8ltkxy8mbgw	124	1	29421
2330	cc9p95mardua	116	1	60256
2331	cc9p95mardua	112	7	40678
2333	cc9p95mardua	13	1	59049
2335	cc9p95mardua	14	7	48465
2337	cc9p95mardua	16	1	91546
2338	cc9p95mardua	108	7	40441
2341	cc9p95mardua	103	1	61566
2344	cc9p95mardua	113	1	33754
2346	cc9p95mardua	124	1	48292
2347	cc9p95mardua	107	1	53388
2348	cc9p95mardua	105	1	43850
2349	cc9p95mardua	127	1	37160
2351	cc9p95mardua	27	1	28035
2352	cc9p95mardua	106	7	20911
2355	cc9p95mardua	28	7	32593
2384	8dte1war4uv6	22	1	15502
2386	8dte1war4uv6	114	1	40338
2387	8dte1war4uv6	103	7	47034
2388	8dte1war4uv6	106	7	42190
2390	8dte1war4uv6	101	1	30184
2392	8dte1war4uv6	102	1	37267
2397	8dte1war4uv6	104	7	58113
2400	8dte1war4uv6	111	7	58619
2403	8dte1war4uv6	8	1	65060
2405	8dte1war4uv6	21	7	59688
2410	ej28675olnl3	119	1	67292
2411	8dte1war4uv6	3	1	57945
2412	ej28675olnl3	10	1	34482
2413	ej28675olnl3	129	7	26943
2415	ej28675olnl3	6	7	55061
2418	8dte1war4uv6	108	7	46451
2419	8dte1war4uv6	19	7	47965
2421	ej28675olnl3	122	1	117456
2423	8dte1war4uv6	110	7	29141
2424	ej28675olnl3	107	1	41871
2426	8dte1war4uv6	123	1	54198
2428	zy9725c7qrya	18	1	82132
2430	zy9725c7qrya	121	7	52693
2431	ej28675olnl3	9	7	54938
2435	zy9725c7qrya	30	1	87376
2437	ej28675olnl3	121	7	15704
2439	zy9725c7qrya	118	7	77121
2440	ej28675olnl3	108	1	54436
2441	ej28675olnl3	123	1	49724
2443	ej28675olnl3	125	1	35547
2444	ej28675olnl3	29	7	46262
2446	ej28675olnl3	3	1	39737
2447	ej28675olnl3	120	7	22430
2448	ej28675olnl3	118	7	26787
2452	zy9725c7qrya	29	1	568529
2455	zy9725c7qrya	107	1	35279
2457	zy9725c7qrya	101	7	39253
2459	zy9725c7qrya	128	7	59746
2461	zy9725c7qrya	127	1	65867
2463	zy9725c7qrya	120	1	48292
2469	zy9725c7qrya	124	1	74910
2470	zy9725c7qrya	26	7	69818
2473	zy9725c7qrya	117	7	47221
2474	zy9725c7qrya	122	1	45641
2475	zy9725c7qrya	27	7	61719
2477	kzosk5kqfkpx	115	1	34489
2478	kzosk5kqfkpx	104	1	66103
2479	kzosk5kqfkpx	119	7	34639
2480	kzosk5kqfkpx	126	1	20933
2481	kzosk5kqfkpx	20	7	50556
2482	kzosk5kqfkpx	15	1	23771
2485	kzosk5kqfkpx	105	1	28254
2487	kzosk5kqfkpx	113	1	31115
2488	kzosk5kqfkpx	106	7	39910
2489	kzosk5kqfkpx	109	7	30878
2490	kzosk5kqfkpx	13	7	68444
2492	kzosk5kqfkpx	112	1	35791
2493	kzosk5kqfkpx	25	1	49075
2494	kzosk5kqfkpx	11	1	42373
2495	kzosk5kqfkpx	130	1	13863
2497	6dgdknif6b4p	129	7	21151
2498	6dgdknif6b4p	124	7	32656
2499	6dgdknif6b4p	5	7	26858
2500	6dgdknif6b4p	115	7	21129
2501	6dgdknif6b4p	113	7	20992
2502	6dgdknif6b4p	125	7	21682
2503	6dgdknif6b4p	2	7	26243
2504	6dgdknif6b4p	101	7	25118
2508	6dgdknif6b4p	4	7	15412
2509	6dgdknif6b4p	7	7	13599
2511	6dgdknif6b4p	130	7	25759
2512	6dgdknif6b4p	116	1	29537
2513	6dgdknif6b4p	128	7	53308
2514	6dgdknif6b4p	12	1	45873
2515	6dgdknif6b4p	114	1	26541
2582	j36zf9lkggey	121	1	6651
2583	j36zf9lkggey	112	7	8733
2584	j36zf9lkggey	127	1	7839
2585	j36zf9lkggey	3	1	291593
2587	j36zf9lkggey	10	1	263727
2590	8hxqtqcwwsji	30	1	120069
2591	8hxqtqcwwsji	1	7	60013
2592	8hxqtqcwwsji	9	1	79482
2593	8hxqtqcwwsji	116	1	57560
2594	8hxqtqcwwsji	117	7	93314
2595	8hxqtqcwwsji	122	7	79135
2596	8hxqtqcwwsji	128	7	86519
2599	8hxqtqcwwsji	120	1	48181
2601	8hxqtqcwwsji	108	7	44269
2603	8hxqtqcwwsji	118	1	40617
2604	8hxqtqcwwsji	101	1	40489
2605	8hxqtqcwwsji	16	7	68320
2606	8hxqtqcwwsji	107	7	47147
2607	8hxqtqcwwsji	8	7	93029
2608	8hxqtqcwwsji	123	1	43343
2610	8xfvp85qfhul	4	7	82744
2611	8xfvp85qfhul	112	1	43419
2612	8xfvp85qfhul	13	7	71980
2613	8xfvp85qfhul	113	7	57746
2614	8xfvp85qfhul	130	1	41267
2615	8xfvp85qfhul	5	7	54081
2616	8xfvp85qfhul	102	7	33967
2617	8xfvp85qfhul	129	1	45973
2619	8xfvp85qfhul	12	7	54730
2621	8xfvp85qfhul	124	1	13726
2622	8xfvp85qfhul	127	1	76767
2624	8xfvp85qfhul	11	1	88378
2625	8xfvp85qfhul	115	7	58325
2627	8xfvp85qfhul	114	1	59286
2628	8xfvp85qfhul	126	1	64711
2630	8xfvp85qfhul	106	7	59762
2631	8xfvp85qfhul	23	1	70787
2632	8xfvp85qfhul	25	7	123245
2633	8xfvp85qfhul	107	1	76821
2634	8xfvp85qfhul	109	1	60163
2635	8xfvp85qfhul	108	7	70139
2636	8xfvp85qfhul	19	1	99815
2637	8xfvp85qfhul	6	7	157754
2639	8xfvp85qfhul	111	1	119730
2640	8xfvp85qfhul	105	1	75573
2641	8xfvp85qfhul	103	1	66911
2642	8xfvp85qfhul	104	7	73627
2644	8xfvp85qfhul	2	7	62110
2647	8xfvp85qfhul	110	7	66431
2648	8xfvp85qfhul	124	1	83192
2650	iqprqmowr3g0	21	7	44864
2651	iqprqmowr3g0	124	1	15081
2652	iqprqmowr3g0	129	7	57663
2653	iqprqmowr3g0	118	1	79596
2654	iqprqmowr3g0	122	7	142226
2655	iqprqmowr3g0	1	7	42716
2657	iqprqmowr3g0	119	1	51113
2659	iqprqmowr3g0	123	7	57071
2661	iqprqmowr3g0	128	7	42147
2662	iqprqmowr3g0	117	1	31626
2664	iqprqmowr3g0	18	7	44476
2665	iqprqmowr3g0	121	7	28454
2666	iqprqmowr3g0	120	1	22430
2667	iqprqmowr3g0	30	7	52138
2668	iqprqmowr3g0	17	7	176509
2670	smqg7nfwdczx	14	7	39149
2671	smqg7nfwdczx	20	1	24907
2672	smqg7nfwdczx	114	1	13324
2673	smqg7nfwdczx	126	7	22586
2674	smqg7nfwdczx	112	7	18748
2675	smqg7nfwdczx	115	7	26808
2676	smqg7nfwdczx	28	1	12162
2678	smqg7nfwdczx	113	1	21147
2679	smqg7nfwdczx	101	1	26647
2681	smqg7nfwdczx	27	1	48686
2682	smqg7nfwdczx	15	7	44057
2683	smqg7nfwdczx	116	1	37453
2685	smqg7nfwdczx	127	7	41289
2687	smqg7nfwdczx	125	1	50282
2688	smqg7nfwdczx	130	1	29926
2718	tpr7eblcdjkm	117	7	62925
2720	tpr7eblcdjkm	8	7	56462
2721	tpr7eblcdjkm	101	7	32647
2722	tpr7eblcdjkm	128	7	54567
2723	tpr7eblcdjkm	114	1	52023
2724	tpr7eblcdjkm	7	1	32732
2727	tpr7eblcdjkm	127	1	47790
2729	tpr7eblcdjkm	115	1	39608
2731	tpr7eblcdjkm	9	7	67984
2732	tpr7eblcdjkm	26	1	60757
2733	tpr7eblcdjkm	10	1	50401
2734	tpr7eblcdjkm	119	7	35788
2735	tpr7eblcdjkm	129	1	39015
2736	tpr7eblcdjkm	116	7	38706
2738	30pk6lhjyaf2	23	1	40288
2739	30pk6lhjyaf2	102	7	21992
2740	30pk6lhjyaf2	110	1	24536
2741	30pk6lhjyaf2	3	7	24991
2742	30pk6lhjyaf2	6	1	17972
2744	30pk6lhjyaf2	103	1	21625
2745	30pk6lhjyaf2	125	1	33850
2746	30pk6lhjyaf2	104	7	32157
2747	30pk6lhjyaf2	112	1	6356
2748	30pk6lhjyaf2	126	7	24311
2749	30pk6lhjyaf2	5	1	18542
2751	30pk6lhjyaf2	111	7	28558
2755	30pk6lhjyaf2	109	1	19255
2756	30pk6lhjyaf2	113	7	55892
2784	wx7qaev85s8u	129	7	33089
2785	wx7qaev85s8u	101	7	27722
2786	wx7qaev85s8u	29	7	16026
2787	wx7qaev85s8u	126	7	11820
2788	wx7qaev85s8u	113	7	15894
2790	wx7qaev85s8u	15	1	20567
2794	wx7qaev85s8u	130	7	17704
2795	wx7qaev85s8u	116	7	22445
2796	wx7qaev85s8u	28	7	16741
2797	wx7qaev85s8u	115	7	28840
2798	wx7qaev85s8u	117	1	14936
2800	wx7qaev85s8u	4	7	10419
2801	wx7qaev85s8u	114	1	16302
2802	wx7qaev85s8u	16	7	25166
2807	7p021fhohnkv	108	1	54666
2809	7p021fhohnkv	13	7	122431
2811	7p021fhohnkv	125	7	108979
2814	7p021fhohnkv	110	7	94217
2816	7p021fhohnkv	104	7	35121
2817	7p021fhohnkv	103	7	66197
2819	7p021fhohnkv	24	1	24842
2820	7p021fhohnkv	11	1	13654
2834	7p021fhohnkv	111	1	170645
2837	7p021fhohnkv	22	7	63555
2838	7p021fhohnkv	109	7	380948
2839	7p021fhohnkv	14	7	88978
2840	7p021fhohnkv	119	1	309802
2841	7p021fhohnkv	112	1	54866
2842	7p021fhohnkv	102	7	58447
2905	sou7duevqkgn	124	7	65160
2906	sou7duevqkgn	127	7	52347
2907	sou7duevqkgn	116	1	29540
2908	sou7duevqkgn	27	7	30044
2909	sou7duevqkgn	30	7	148436
2910	sou7duevqkgn	26	1	19645
2912	sou7duevqkgn	114	7	18282
2913	sou7duevqkgn	128	1	17720
2914	sou7duevqkgn	106	1	18389
2915	sou7duevqkgn	15	7	21934
2917	sou7duevqkgn	130	1	29893
2918	sou7duevqkgn	113	1	13753
2921	sou7duevqkgn	101	7	23965
2922	sou7duevqkgn	112	7	15307
2923	sou7duevqkgn	17	7	30564
2945	935llb0cbhy4	104	7	72520
2946	935llb0cbhy4	9	1	13507
2948	935llb0cbhy4	117	1	44528
2949	935llb0cbhy4	121	7	38285
2950	935llb0cbhy4	118	1	14617
2953	935llb0cbhy4	122	7	24152
2954	935llb0cbhy4	19	1	22585
2956	935llb0cbhy4	119	7	58737
2957	935llb0cbhy4	21	7	27162
2958	935llb0cbhy4	120	1	13456
2960	935llb0cbhy4	124	7	27601
2961	935llb0cbhy4	123	7	38309
2962	935llb0cbhy4	5	1	27970
2963	935llb0cbhy4	2	7	12643
2982	4fz9ua6bec3g	108	1	12822
2986	4fz9ua6bec3g	12	7	172748
2987	4fz9ua6bec3g	102	1	18199
2988	4fz9ua6bec3g	106	7	61134
2989	4fz9ua6bec3g	10	7	147856
2990	4fz9ua6bec3g	104	1	33415
2991	4fz9ua6bec3g	109	1	30935
2994	4fz9ua6bec3g	126	7	29695
2995	4fz9ua6bec3g	111	1	28328
2996	4fz9ua6bec3g	103	7	23550
2997	4fz9ua6bec3g	3	7	12816
2998	4fz9ua6bec3g	2	7	87865
2999	4fz9ua6bec3g	8	7	61432
3002	4fz9ua6bec3g	110	7	53159
3003	4fz9ua6bec3g	128	1	391391
3005	braqkqild112	28	7	55327
3006	braqkqild112	118	1	32933
3007	braqkqild112	119	7	43071
3008	braqkqild112	122	7	34738
3009	braqkqild112	105	7	36971
3010	braqkqild112	124	7	66337
3013	braqkqild112	120	1	22023
3014	braqkqild112	29	1	53414
3015	braqkqild112	21	1	20676
3016	braqkqild112	129	7	19967
3017	braqkqild112	18	7	33546
3019	braqkqild112	107	7	25359
3021	braqkqild112	117	7	17863
3022	braqkqild112	22	7	26248
3023	braqkqild112	121	7	53775
3053	9v3ajqgre00e	102	7	25808
3055	9v3ajqgre00e	104	7	38023
3059	9v3ajqgre00e	11	1	68836
3060	9v3ajqgre00e	4	7	42516
3065	9v3ajqgre00e	124	7	87815
3072	9v3ajqgre00e	111	1	126003
3073	9v3ajqgre00e	105	7	35163
3076	9v3ajqgre00e	106	7	73358
3077	9v3ajqgre00e	107	1	59436
3078	9v3ajqgre00e	121	7	28243
3080	9v3ajqgre00e	26	1	65292
3081	9v3ajqgre00e	103	1	38283
3083	qg1wncw97bw2	7	1	19845
3084	qg1wncw97bw2	101	1	15126
3085	qg1wncw97bw2	9	1	61171
3086	qg1wncw97bw2	122	7	23427
3087	qg1wncw97bw2	120	1	7704
3088	qg1wncw97bw2	119	7	58947
3090	qg1wncw97bw2	128	7	16169
3092	qg1wncw97bw2	123	7	75166
3093	qg1wncw97bw2	3	1	78386
3094	qg1wncw97bw2	129	7	26241
3095	qg1wncw97bw2	8	7	140317
3098	qg1wncw97bw2	118	1	86633
3100	qg1wncw97bw2	127	7	43144
3102	qg1wncw97bw2	13	1	48156
3111	ttxcj7yh8qz6	115	1	64756
3114	ttxcj7yh8qz6	109	7	86792
3122	ttxcj7yh8qz6	18	7	160204
3126	ttxcj7yh8qz6	30	7	212712
3127	ttxcj7yh8qz6	116	1	53940
3128	ttxcj7yh8qz6	114	7	88105
3129	ttxcj7yh8qz6	2	1	179462
3130	ttxcj7yh8qz6	108	1	155725
3133	ttxcj7yh8qz6	104	7	65894
3135	g4bp3pmel9j9	122	1	56322
3136	g4bp3pmel9j9	29	7	76503
3137	g4bp3pmel9j9	124	1	150851
3138	g4bp3pmel9j9	128	7	90391
3139	g4bp3pmel9j9	16	7	70876
3140	g4bp3pmel9j9	15	1	130503
3141	g4bp3pmel9j9	121	1	124786
3143	g4bp3pmel9j9	123	7	70316
3144	g4bp3pmel9j9	118	1	44687
3145	g4bp3pmel9j9	119	1	67248
3147	g4bp3pmel9j9	120	7	79131
3149	g4bp3pmel9j9	19	7	107176
3150	g4bp3pmel9j9	17	1	58912
3151	g4bp3pmel9j9	129	7	70161
3153	g4bp3pmel9j9	117	7	100700
3155	cy2y36hz412q	111	1	306317
3156	cy2y36hz412q	14	7	136934
3157	cy2y36hz412q	125	1	145598
3158	cy2y36hz412q	126	7	97735
3159	cy2y36hz412q	1	1	104118
3160	cy2y36hz412q	112	7	178192
3162	cy2y36hz412q	127	1	331030
3163	cy2y36hz412q	102	1	162319
3164	cy2y36hz412q	130	7	114431
3165	cy2y36hz412q	25	7	223951
3166	cy2y36hz412q	110	7	184407
3169	cy2y36hz412q	27	1	165535
3170	cy2y36hz412q	103	7	60127
3172	cy2y36hz412q	5	7	252046
3173	cy2y36hz412q	113	7	89064
3197	6lobtymalu9e	4	7	46246
3198	6lobtymalu9e	119	1	65550
3199	6lobtymalu9e	10	1	79655
3200	6lobtymalu9e	117	1	58279
3201	6lobtymalu9e	130	7	38519
3204	6lobtymalu9e	118	1	64751
3205	6lobtymalu9e	129	7	55496
3206	6lobtymalu9e	121	1	31976
3208	6lobtymalu9e	7	1	42935
3209	6lobtymalu9e	115	7	38575
3210	6lobtymalu9e	8	7	45727
3211	6lobtymalu9e	5	7	37911
3213	6lobtymalu9e	128	7	66759
3214	6lobtymalu9e	120	1	63320
3256	w78ka18xljaq	101	1	30248
3257	w78ka18xljaq	129	1	35816
3258	w78ka18xljaq	130	1	270365
3259	w78ka18xljaq	127	1	112602
3260	w78ka18xljaq	118	7	31723
3261	w78ka18xljaq	9	7	19809
3266	w78ka18xljaq	25	7	11262
3268	1l1044j5kioz	15	7	43198
3269	1l1044j5kioz	115	1	23212
3270	1l1044j5kioz	125	7	45530
3271	1l1044j5kioz	27	7	54840
3272	1l1044j5kioz	119	1	50324
3275	1l1044j5kioz	117	1	33278
3276	1l1044j5kioz	1	1	72253
3277	1l1044j5kioz	121	1	58891
3278	1l1044j5kioz	114	7	30364
3280	1l1044j5kioz	116	7	27194
3282	1l1044j5kioz	113	1	28845
3283	1l1044j5kioz	11	7	41268
3284	1l1044j5kioz	102	1	23662
3285	1l1044j5kioz	26	7	24168
3286	1l1044j5kioz	126	7	41357
3288	2m3qq1375z23	106	1	22743
3289	2m3qq1375z23	111	7	31913
3290	2m3qq1375z23	29	1	79058
3291	2m3qq1375z23	17	7	30933
3292	2m3qq1375z23	30	1	54534
3293	2m3qq1375z23	104	7	31948
3297	2m3qq1375z23	110	1	46017
3298	2m3qq1375z23	12	7	25391
3299	2m3qq1375z23	14	1	67559
3300	2m3qq1375z23	107	1	37188
3301	2m3qq1375z23	120	7	46019
3345	qgqyrvu5n5ld	8	1	40107
3352	qgqyrvu5n5ld	104	1	69628
3355	qgqyrvu5n5ld	111	7	10674
3356	qgqyrvu5n5ld	3	1	12807
3359	qgqyrvu5n5ld	112	1	11413
3360	qgqyrvu5n5ld	126	7	28715
3361	qgqyrvu5n5ld	20	1	11916
3363	f39oabjchywt	23	7	48799
3364	f39oabjchywt	28	1	43264
3365	f39oabjchywt	107	1	37472
3366	f39oabjchywt	108	7	87433
3367	f39oabjchywt	17	7	42236
3369	f39oabjchywt	24	1	55844
3370	f39oabjchywt	106	1	38627
3371	f39oabjchywt	121	1	36618
3373	f39oabjchywt	122	1	38039
3374	f39oabjchywt	10	1	66424
3377	f39oabjchywt	103	7	54749
3378	f39oabjchywt	123	1	40514
3379	f39oabjchywt	127	1	24793
3380	f39oabjchywt	105	1	34283
3381	f39oabjchywt	124	7	59601
3383	zo2m82fswrat	115	1	51899
3384	zo2m82fswrat	117	7	30733
3385	zo2m82fswrat	15	1	49665
3386	zo2m82fswrat	1	7	36426
3387	zo2m82fswrat	20	7	42001
3388	zo2m82fswrat	114	7	37741
3390	zo2m82fswrat	27	1	36278
3391	zo2m82fswrat	101	7	20119
3392	zo2m82fswrat	129	1	25750
3393	zo2m82fswrat	118	1	32252
3395	zo2m82fswrat	16	7	29379
3397	zo2m82fswrat	119	1	39625
3399	zo2m82fswrat	120	7	21691
3400	zo2m82fswrat	130	7	20031
3401	zo2m82fswrat	128	7	47203
3403	et7poc0791f5	19	1	51623
3404	et7poc0791f5	112	1	15633
3405	et7poc0791f5	30	1	15085
3406	et7poc0791f5	109	7	20931
3408	et7poc0791f5	113	7	34817
3409	et7poc0791f5	102	1	22600
3410	et7poc0791f5	104	7	13653
3411	et7poc0791f5	14	1	13400
3412	et7poc0791f5	125	7	27627
3413	et7poc0791f5	111	1	9751
3415	et7poc0791f5	126	1	9336
3418	et7poc0791f5	2	7	36109
3419	et7poc0791f5	26	7	15392
3421	et7poc0791f5	110	1	56671
3423	0sfts4y65tq0	107	7	31303
3424	0sfts4y65tq0	10	1	36328
3425	0sfts4y65tq0	108	1	25545
3426	0sfts4y65tq0	124	1	55433
3427	0sfts4y65tq0	20	7	40616
3428	0sfts4y65tq0	122	7	26849
3431	0sfts4y65tq0	105	1	24751
3433	0sfts4y65tq0	103	7	28730
3434	0sfts4y65tq0	4	1	34072
3436	0sfts4y65tq0	29	1	34589
3437	0sfts4y65tq0	127	1	35514
3438	0sfts4y65tq0	121	7	30181
3439	0sfts4y65tq0	123	7	33663
3440	0sfts4y65tq0	106	7	39167
3441	0sfts4y65tq0	13	7	42766
3443	5bx57wpot6j3	118	1	27752
3444	5bx57wpot6j3	117	1	44201
3445	5bx57wpot6j3	130	1	34586
3446	5bx57wpot6j3	12	1	30401
3447	5bx57wpot6j3	128	7	25057
3448	5bx57wpot6j3	114	1	31315
3449	5bx57wpot6j3	5	1	39402
3450	5bx57wpot6j3	7	7	21854
3451	5bx57wpot6j3	101	1	16357
3454	5bx57wpot6j3	115	7	73338
3455	5bx57wpot6j3	119	1	72371
3457	5bx57wpot6j3	3	7	96736
3459	5bx57wpot6j3	11	1	31590
3460	5bx57wpot6j3	120	7	46831
3461	5bx57wpot6j3	129	7	17187
3503	yasnzyse7m48	120	1	50956
3504	yasnzyse7m48	114	1	35850
3505	yasnzyse7m48	130	1	40850
3506	yasnzyse7m48	25	1	56498
3507	yasnzyse7m48	28	1	36536
3508	yasnzyse7m48	128	1	74462
3509	yasnzyse7m48	118	1	79877
3510	yasnzyse7m48	14	1	82142
3512	yasnzyse7m48	115	1	79379
3514	yasnzyse7m48	23	1	84875
3515	vzk23mda3bz6	119	7	58003
3519	vzk23mda3bz6	117	7	58463
3520	vzk23mda3bz6	15	1	50813
3521	yasnzyse7m48	24	1	85909
3522	vzk23mda3bz6	126	1	54580
3524	yasnzyse7m48	117	1	88809
3527	yasnzyse7m48	129	1	78806
3528	vzk23mda3bz6	116	7	111540
3529	yasnzyse7m48	119	1	40076
3530	vzk23mda3bz6	29	7	39285
3532	yasnzyse7m48	101	7	56619
3533	vzk23mda3bz6	8	1	53713
3534	vzk23mda3bz6	24	7	36038
3535	vzk23mda3bz6	113	1	32772
3537	vzk23mda3bz6	102	7	31042
3538	vzk23mda3bz6	112	7	22483
3539	vzk23mda3bz6	25	1	43670
3540	vzk23mda3bz6	129	1	38720
3541	vzk23mda3bz6	111	1	49599
3543	vjzcdjmbf6fp	30	7	26515
3544	vjzcdjmbf6fp	104	1	28894
3545	vjzcdjmbf6fp	27	7	26848
3546	vjzcdjmbf6fp	107	1	24407
3547	vjzcdjmbf6fp	12	1	22100
3548	vjzcdjmbf6fp	26	1	27955
3551	vjzcdjmbf6fp	3	1	24677
3552	vjzcdjmbf6fp	111	1	20499
3553	vjzcdjmbf6fp	108	7	29381
3555	vjzcdjmbf6fp	106	7	7338
3556	vjzcdjmbf6fp	105	7	33078
3558	vjzcdjmbf6fp	110	7	24214
3559	vjzcdjmbf6fp	123	1	28120
3562	immqscripdxl	127	7	78594
3563	krmzbji9i6ws	6	1	76275
3564	immqscripdxl	6	1	54326
3565	vjzcdjmbf6fp	109	7	147355
3566	vjzcdjmbf6fp	103	7	12511
3567	krmzbji9i6ws	13	7	50597
3568	immqscripdxl	120	1	39127
3569	krmzbji9i6ws	130	1	41448
3570	krmzbji9i6ws	122	1	18737
3571	immqscripdxl	9	7	50165
3572	immqscripdxl	122	7	33401
3573	krmzbji9i6ws	16	7	50195
3575	krmzbji9i6ws	124	1	61883
3578	immqscripdxl	121	1	32293
3579	krmzbji9i6ws	118	1	67211
3580	immqscripdxl	16	7	32180
3582	immqscripdxl	109	7	18367
3585	immqscripdxl	11	1	37501
3586	krmzbji9i6ws	101	1	33078
3587	immqscripdxl	103	7	29447
3589	immqscripdxl	118	1	16358
3590	immqscripdxl	101	1	15850
3592	krmzbji9i6ws	121	1	57193
3593	immqscripdxl	13	1	20988
3594	immqscripdxl	130	7	17155
3595	krmzbji9i6ws	127	7	35891
3596	immqscripdxl	124	1	23900
3597	krmzbji9i6ws	9	1	41279
3598	krmzbji9i6ws	2	1	30354
3599	krmzbji9i6ws	120	1	59852
3600	krmzbji9i6ws	103	7	30754
3601	krmzbji9i6ws	109	7	70940
3615	tfn59wzza83f	23	7	58827
3617	tfn59wzza83f	19	7	18944
3618	tfn59wzza83f	113	1	24312
3620	tfn59wzza83f	104	1	44348
3623	tfn59wzza83f	18	7	47259
3624	tfn59wzza83f	110	1	18363
3627	tfn59wzza83f	107	1	38823
3628	popz06eym9yu	21	7	97782
3630	tfn59wzza83f	116	7	95062
3635	tfn59wzza83f	108	7	18543
3637	tfn59wzza83f	126	7	20440
3639	tfn59wzza83f	125	7	20955
3640	tfn59wzza83f	7	1	19064
3641	tfn59wzza83f	117	7	21901
3644	qba5zpfkvk03	25	7	27446
3645	tfn59wzza83f	105	7	71891
3646	qba5zpfkvk03	123	7	19219
3647	qba5zpfkvk03	112	7	24317
3648	qba5zpfkvk03	111	1	28914
3649	qba5zpfkvk03	15	1	26383
3650	qba5zpfkvk03	128	1	18448
3651	qba5zpfkvk03	105	7	26833
3652	popz06eym9yu	107	7	432905
3654	qba5zpfkvk03	117	7	29594
3655	qba5zpfkvk03	14	1	26450
3656	qba5zpfkvk03	30	1	46928
3658	popz06eym9yu	116	7	157511
3659	qba5zpfkvk03	115	1	28166
3660	qba5zpfkvk03	125	1	29313
3662	popz06eym9yu	28	7	79787
3665	qba5zpfkvk03	17	7	21931
3666	qba5zpfkvk03	119	7	12035
3668	popz06eym9yu	22	7	16284
3669	qba5zpfkvk03	114	1	46303
3670	popz06eym9yu	110	1	26821
3671	popz06eym9yu	117	7	17142
3673	popz06eym9yu	125	1	85429
3675	popz06eym9yu	126	7	50416
3676	popz06eym9yu	119	7	26571
3677	popz06eym9yu	17	7	79447
3680	popz06eym9yu	105	7	5359
3681	popz06eym9yu	108	1	37975
3683	3lnmjlgfl4zo	1	7	24173
3684	3lnmjlgfl4zo	120	7	21294
3685	3lnmjlgfl4zo	10	7	30322
3686	3lnmjlgfl4zo	27	1	39356
3687	3lnmjlgfl4zo	118	7	36299
3688	3lnmjlgfl4zo	130	7	22854
3689	3lnmjlgfl4zo	122	7	16439
3690	3lnmjlgfl4zo	121	1	21751
3694	3lnmjlgfl4zo	26	7	30362
3695	3lnmjlgfl4zo	115	7	19856
3696	3lnmjlgfl4zo	2	1	37919
3698	3lnmjlgfl4zo	102	7	37605
3701	3lnmjlgfl4zo	106	1	17666
3702	3lnmjlgfl4zo	129	1	30074
3703	3lnmjlgfl4zo	127	1	20090
3748	1vcxbu2ahbjs	108	7	87780
3749	d83z4uffija8	118	1	54659
3752	1vcxbu2ahbjs	120	1	65082
3753	d83z4uffija8	129	7	63524
3755	1vcxbu2ahbjs	121	7	76481
3756	d83z4uffija8	5	1	92767
3757	d83z4uffija8	108	1	72570
3758	d83z4uffija8	120	1	57079
3759	1vcxbu2ahbjs	15	1	248914
3760	d83z4uffija8	15	1	85789
3761	d83z4uffija8	123	7	97686
3762	1vcxbu2ahbjs	129	1	118219
3763	d83z4uffija8	27	7	152750
3765	d83z4uffija8	109	7	47912
3774	d83z4uffija8	11	1	86112
3776	1vcxbu2ahbjs	16	1	206346
3782	1vcxbu2ahbjs	128	1	127265
3784	d83z4uffija8	130	1	78356
3787	d83z4uffija8	1	7	64962
3788	1vcxbu2ahbjs	27	7	203731
3789	d83z4uffija8	115	7	67478
3790	d83z4uffija8	128	1	79900
3791	d83z4uffija8	121	7	33318
3792	1vcxbu2ahbjs	118	1	216546
3794	1vcxbu2ahbjs	20	7	66209
3795	1vcxbu2ahbjs	11	1	58115
3796	1vcxbu2ahbjs	109	7	42716
3798	1vcxbu2ahbjs	123	1	61049
3799	1vcxbu2ahbjs	115	7	56667
3801	1vcxbu2ahbjs	130	7	23714
3823	qlmeao15ugsp	113	7	25314
3824	qlmeao15ugsp	116	7	32849
3825	qlmeao15ugsp	26	7	57531
3826	qlmeao15ugsp	125	1	42563
3827	qlmeao15ugsp	105	7	34285
3829	qlmeao15ugsp	7	1	63648
3831	hgfb1uzrzibi	104	7	74942
3833	qlmeao15ugsp	102	1	57341
3836	qlmeao15ugsp	126	1	42768
3840	hgfb1uzrzibi	102	7	134076
3845	qlmeao15ugsp	124	7	71634
3848	qlmeao15ugsp	12	7	54442
3849	hgfb1uzrzibi	119	7	140946
3853	qlmeao15ugsp	9	7	54486
3854	hgfb1uzrzibi	117	7	71158
3856	qlmeao15ugsp	117	7	67485
3858	hgfb1uzrzibi	126	1	52368
3864	hgfb1uzrzibi	8	7	84411
3868	qlmeao15ugsp	114	7	44073
3871	hgfb1uzrzibi	114	1	43217
3873	qlmeao15ugsp	127	7	79904
3876	qlmeao15ugsp	6	7	58547
3877	hgfb1uzrzibi	12	7	89825
3880	z0u4nwv2i2tb	105	1	14018
3883	hgfb1uzrzibi	7	7	92976
3884	z0u4nwv2i2tb	107	1	28404
3886	z0u4nwv2i2tb	115	1	25914
3888	z0u4nwv2i2tb	3	1	33207
3891	z0u4nwv2i2tb	113	7	39265
3893	wr8sjriembuf	22	7	57767
3895	hgfb1uzrzibi	111	1	74309
3898	wr8sjriembuf	19	1	31856
3901	z0u4nwv2i2tb	129	1	84344
3902	hgfb1uzrzibi	127	7	52511
3904	wr8sjriembuf	115	1	49431
3906	hgfb1uzrzibi	112	7	41910
3909	z0u4nwv2i2tb	25	7	29087
3914	wr8sjriembuf	129	1	75039
3915	z0u4nwv2i2tb	130	1	24722
3916	wr8sjriembuf	23	7	17351
3918	wr8sjriembuf	122	1	18448
3921	hgfb1uzrzibi	124	1	82188
3922	wr8sjriembuf	111	7	28017
3931	z0u4nwv2i2tb	17	1	100909
3933	wr8sjriembuf	110	7	40078
3934	z0u4nwv2i2tb	122	1	11619
3935	wr8sjriembuf	17	1	8368
3939	z0u4nwv2i2tb	30	7	20270
3940	wr8sjriembuf	130	7	31231
3941	wr8sjriembuf	112	1	13183
3942	z0u4nwv2i2tb	123	7	23468
3944	z0u4nwv2i2tb	101	1	13034
3946	wr8sjriembuf	29	1	37567
3949	z0u4nwv2i2tb	14	7	41331
3956	wr8sjriembuf	101	7	14328
3957	wr8sjriembuf	123	1	26560
3958	wr8sjriembuf	113	7	21248
3960	hgfb1uzrzibi	2	7	129059
3961	hgfb1uzrzibi	21	7	132143
4004	kko9mymguzot	126	1	23806
4005	kko9mymguzot	11	1	30611
4006	kko9mymguzot	116	1	18040
4007	kko9mymguzot	24	1	37496
4008	kko9mymguzot	115	7	16852
4009	kko9mymguzot	121	7	16214
4010	kko9mymguzot	23	7	51077
4011	kko9mymguzot	102	1	26324
4013	kko9mymguzot	124	7	87343
4014	kko9mymguzot	125	1	144302
4016	kko9mymguzot	28	1	61420
4020	kko9mymguzot	3	7	39639
4021	kko9mymguzot	114	7	161094
4023	8n8lzivogb1n	119	1	47646
4024	8n8lzivogb1n	26	7	68546
4025	8n8lzivogb1n	18	7	79702
4026	8n8lzivogb1n	10	7	82225
4028	8n8lzivogb1n	106	1	57698
4029	w8l1kqg72h4a	106	7	40915
4030	w8l1kqg72h4a	128	7	70115
4031	8n8lzivogb1n	121	1	90289
4033	w8l1kqg72h4a	108	7	57166
4034	w8l1kqg72h4a	121	1	25482
4036	8n8lzivogb1n	107	1	73533
4038	8n8lzivogb1n	104	7	66565
4039	w8l1kqg72h4a	4	1	74430
4040	8n8lzivogb1n	27	7	102446
4042	w8l1kqg72h4a	25	1	80500
4043	8n8lzivogb1n	103	1	60373
4044	5jm254cffetb	130	1	55938
4045	w8l1kqg72h4a	5	1	56565
4047	5jm254cffetb	117	7	56374
4048	5jm254cffetb	101	7	28470
4049	w8l1kqg72h4a	103	1	90666
4050	8n8lzivogb1n	13	7	63537
4051	5jm254cffetb	103	1	33558
4053	5jm254cffetb	25	1	41295
4054	w8l1kqg72h4a	107	1	62998
4056	5jm254cffetb	8	1	64744
4057	8n8lzivogb1n	110	7	86218
4060	5jm254cffetb	9	1	17425
4063	8n8lzivogb1n	128	1	64418
4064	w8l1kqg72h4a	10	1	103015
4065	aok1k0xcykcd	6	7	49406
4066	aok1k0xcykcd	120	1	20691
4067	5jm254cffetb	124	1	79428
4068	8n8lzivogb1n	108	1	82480
4069	aok1k0xcykcd	116	7	41981
4070	5jm254cffetb	110	1	26401
4071	w8l1kqg72h4a	104	7	93899
4073	aok1k0xcykcd	115	7	32029
4074	5jm254cffetb	128	7	26332
4075	aok1k0xcykcd	11	1	43533
4076	8n8lzivogb1n	124	1	92878
4077	5jm254cffetb	11	7	44337
4078	aok1k0xcykcd	114	7	47987
4079	w8l1kqg72h4a	124	1	118582
4080	aok1k0xcykcd	14	1	36120
4082	5jm254cffetb	125	1	96374
4084	w8l1kqg72h4a	110	7	85399
4085	5jm254cffetb	14	7	59994
4088	aok1k0xcykcd	15	1	58103
4089	5jm254cffetb	118	7	40028
4090	aok1k0xcykcd	20	7	38165
4091	5jm254cffetb	120	1	52240
4092	w8l1kqg72h4a	27	7	198781
4093	aok1k0xcykcd	128	1	109790
4094	aok1k0xcykcd	129	1	33166
4095	w8l1kqg72h4a	118	1	69449
4096	aok1k0xcykcd	124	7	54803
4099	aok1k0xcykcd	102	7	44859
4100	aok1k0xcykcd	118	1	24969
4101	aok1k0xcykcd	127	7	45034
4103	g5u5mqtwoedk	28	1	584338
4104	g5u5mqtwoedk	112	1	69708
4105	g5u5mqtwoedk	12	1	101183
4106	g5u5mqtwoedk	113	7	61731
4108	g5u5mqtwoedk	127	1	98531
4109	g5u5mqtwoedk	105	7	39672
4110	g5u5mqtwoedk	21	1	77703
4111	g5u5mqtwoedk	117	1	39837
4113	g5u5mqtwoedk	111	7	53155
4116	g5u5mqtwoedk	126	1	23785
4118	g5u5mqtwoedk	24	1	46114
4119	g5u5mqtwoedk	119	7	879801
4120	g5u5mqtwoedk	123	7	50406
4121	g5u5mqtwoedk	13	7	49151
4199	6hq9ktbl50ac	103	1	27694
4200	6hq9ktbl50ac	106	1	20766
4201	6hq9ktbl50ac	107	7	30034
4202	6hq9ktbl50ac	109	1	24405
4203	6hq9ktbl50ac	122	7	19964
4204	6hq9ktbl50ac	110	7	23847
4205	6hq9ktbl50ac	18	1	25886
4206	6hq9ktbl50ac	24	1	13309
4208	6hq9ktbl50ac	104	1	54387
4210	6hq9ktbl50ac	26	7	455832
4211	6hq9ktbl50ac	23	7	22249
4213	6hq9ktbl50ac	105	7	25769
4215	6hq9ktbl50ac	108	1	29512
4216	6hq9ktbl50ac	8	1	32448
4217	6hq9ktbl50ac	120	1	25524
